<suite name="SmokeSuite" verbose="1" >
 <!-- Before Suite -->
  
  <!-- Before Test -->
  <test name="ActiTimeSmoke"   >
      
    <classes>
       <class name="com.selenium.tests.Login" />   
        <class name="com.selenium.tests.Customers" />          
   </classes>
   
 </test>
   <!-- After Test -->
 
   <!-- Before Test -->
  <test name="ActiTimeSmoke1"   >
      
    <classes>
      <class name="com.selenium.tests.Customers" />     
   </classes>
   
 </test>
    <!-- After Test -->
 
</suite>
   <!-- After Suite -->
   
   
   
   
   
   <methods>
        	<include name="login_001" />
      	</methods>
		
		
		
		
		<suite name="SmokeSuite" verbose="1" >

 
  <test name="ActiTimeSmoke"   >
  <groups>
    <run>
      <include name="customer_001"/>
    </run>
  </groups>
  
  
    <packages>
      <package name="com.selenium.tests" />
   </packages>
   
 </test>
 
</suite>
  
  
  
  
  
  
                     